<?xml version="1.0" encoding="UTF-8"?>
<!--The valid ids and course names for each major.-->
<majors>
  <major name="ACC">
     <course id="117" name="Introduction to Financial Calculations"/>
     <course id="118" name="Fundamental Accounting Principles"/>
     <course id="119" name="Financial Accounting"/>
     <course id="120" name="Managerial Accounting"/>
     <course id="121" name="Payroll Accounting"/>
     <course id="125" name="Survey of Accounting"/>
     <course id="130" name="Computerized Accounting 1"/>
     <course id="131" name="Computerized Accounting 2"/>
     <course id="132" name="Federal Income Tax"/>
     <course id="133" name="Coop Ed in Accounting 1"/>
     <course id="140" name="Bookkeeper Capstone"/>
     <course id="200" name="Computer Accounting with QuickBooks"/>
     <course id="203" name="Intermediate Accounting 1"/>
     <course id="204" name="Intermediate Accounting 2"/>
     <course id="225" name="Accounting Directed Study"/>
  </major>
  <major name="ANTHR">
     <course id="101" name="Cultural Anthropology"/>
     <course id="102" name="Intro to Archaeology"/>
     <course id="103" name="Physical Anthropology"/>
     <course id="120" name="Native People of North America"/>
     <course id="201" name="Introduction to Linguistics"/>
     <course id="210" name="Religions of the World"/>
     <course id="215H" name="Magic, Myth and Ritual - Honors"/>
  </major>
  <major name="ARABC">
     <course id="101" name="Elementary Arabic 1"/>
     <course id="102" name="Elementary Arabic 2"/>
     <course id="103" name="Arabic Conversation 1"/>
     <course id="104" name="Arabic Conversation 2"/>
     <course id="201" name="Intermediate Arabic 1"/>
  </major>
  <major name="ART">
     <course id="100" name="Visual Arts Freshman Seminar"/>
     <course id="101" name="Drawing 1"/>
     <course id="102" name="Drawing 2"/>
     <course id="103" name="Painting 1"/>
     <course id="104" name="Painting 2"/>
     <course id="105" name="Sculpture 1"/>
     <course id="106" name="Sculpture 2"/>
     <course id="107" name="Art as Visual Experience"/>
     <course id="108" name="Art History 1: Ancient to Medieval"/>
     <course id="109" name="Art History 2: Renaissance to Modern"/>
     <course id="109A" name="Art History Survey 3: Art Since 1945"/>
     <course id="110" name="Printmaking 1"/>
     <course id="112" name="2D Design"/>
     <course id="112A" name="Digital Design"/>
     <course id="125" name="Digital Imaging 1"/>
     <course id="126" name="Digital Fundamentals for Photographers"/>
     <course id="128" name="History of Photography"/>
     <course id="129" name="Digital Photography 1"/>
     <course id="130" name="Visual Arts Seminar for Majors"/>
     <course id="131" name="Cooperative Education in Visual Arts Design 1"/>
     <course id="132" name="Cooperative Education in Visual Arts Design 2"/>
     <course id="133" name="Photography 1"/>
     <course id="139" name="Digital Photography 2"/>
     <course id="140" name="Portrait Photography 1"/>
     <course id="143" name="Art Therapy 1"/>
     <course id="145" name="Digital Illustration 1"/>
     <course id="147" name="Digital Animation 1"/>
     <course id="149" name="Intro to 3D Animation"/>
     <course id="152" name="Motion Graphics"/>
     <course id="153" name="Computer Photo Imaging"/>
     <course id="156" name="Publication Design 1: InDesign (MAC)"/>
     <course id="164" name="Lighting For Photography 1"/>
     <course id="169" name="Web Design 1"/>
     <course id="170" name="Mentored Final Portfolio"/>
     <course id="185" name="Documentary Photography 1"/>
     <course id="188" name="Photographic Projects"/>
     <course id="200" name="Digital Arts Projects"/>
     <course id="201" name="Drawing 3"/>
     <course id="212" name="3D Design"/>
     <course id="265" name="Graphic Design 1"/>
     <course id="270" name="Graphics Design 2"/>
  </major>
  <major name="ARTWS">
     <course id="101" name="Contemporary Painting 1"/>
     <course id="102" name="Contemporary Painting 2"/>
     <course id="106" name="Painting Fundamentals 1"/>
     <course id="109" name="Painting Fundamentals 2"/>
     <course id="111" name="Portrait Painting 1"/>
     <course id="115" name="Life Painting 1"/>
     <course id="116" name="Life Painting 2"/>
     <course id="121" name="Traditional Painting 1"/>
     <course id="122" name="Traditional Painting 2"/>
     <course id="135" name="Chinese Watercolor Painting 1"/>
     <course id="141" name="Landscape Painting 1"/>
     <course id="151" name="Watercolor 1"/>
     <course id="152" name="Watercolor 2"/>
     <course id="160" name="Advanced Painting Seminar"/>
     <course id="161" name="Dynamics of Drawing 1"/>
     <course id="165" name="Portfolio Preparation/Presentation"/>
     <course id="171" name="Life Drawing 1"/>
     <course id="172" name="Life Drawing 2"/>
     <course id="181" name="Portrait Drawing 1"/>
     <course id="188" name="Illustration 1"/>
     <course id="195" name="Drawing Fundamentals"/>
     <course id="199" name="Drawing (Intermediate to Advanced)"/>
     <course id="201" name="Traditional Sculpture 1"/>
     <course id="202" name="Traditional Sculpture 2"/>
     <course id="205" name="Contemporary Sculpture 1"/>
     <course id="211" name="Life Sculpture"/>
     <course id="271" name="Jewelry 1"/>
     <course id="272" name="Jewelry 2"/>
     <course id="281" name="Jewelry and Enameling"/>
     <course id="288" name="Handbuilding/Wheel 1"/>
     <course id="289" name="Handbuilding/Wheel 2"/>
     <course id="295" name="Wheel Throwing 1"/>
     <course id="301" name="Lost Wax Casting 1"/>
     <course id="302" name="Lost Wax Casting 2"/>
     <course id="341" name="Printmaking 1"/>
  </major>
  <major name="BIOL">
     <course id="101" name="Principles of Biological Science (and Lab)"/>
     <course id="103" name="Human Biology (and Lab)"/>
     <course id="109" name="Basic Anatomy and Physiology Lecture and Lab"/>
     <course id="115" name="General Biology 1 (and Lab)"/>
     <course id="115H" name="General Biology 1 (and Lab)-Honors"/>
     <course id="117" name="General Biology 2 (and Lab)"/>
     <course id="117H" name="General Biology 2 (and Lab)-Honors"/>
     <course id="121" name="Anatomy and Physiology 1 (and Lab)"/>
     <course id="123" name="Anatomy and Physiology 2 (and Lab)"/>
     <course id="128" name="Basics of Biotechnology"/>
     <course id="129" name="Basics of Biotechnology Lab"/>
     <course id="143" name="Environmental Science"/>
     <course id="144" name="Environmental Science (Lab)"/>
     <course id="147H" name="Psychobiology - Honors"/>
     <course id="155" name="Environmental Studies"/>
     <course id="159" name="Problems in Pollution"/>
     <course id="161" name="Biology of Human Sexuality"/>
     <course id="201" name="Pharmacology (Respiratory Care)"/>
     <course id="202" name="Pharmacology (for Nurses)"/>
     <course id="203" name="Basic Microbiology (and Lab)"/>
     <course id="221" name="General Microbiology (and Lab)"/>
     <course id="229" name="Cardiopulmonary Pathology (Respiratory Care)"/>
     <course id="236" name="Human Genetics"/>
     <course id="237" name="Human Genetics Lab"/>
  </major>
  <major name="HSERV">
     <course id="180" name="Psychosocial Issues in Addiction"/>
     <course id="181" name="Ethics in Addiction Counseling"/>
     <course id="182" name="Alcoholism, Substance Abuse and the Family"/>
     <course id="183" name="Addiction Counseling Methods"/>
     <course id="184" name="Addiction Field Experience 1"/>
     <course id="280" name="Addiction Group Counseling"/>
     <course id="281" name="Addiction Field Experience 2"/>
     <course id="282" name="Addiction Counseling Models"/>
     <course id="283" name="Addiction Field Experience 3"/>
  </major>
  <major name="CHEM">
     <course id="107" name="Inorganic Chemistry 1 (and Lab)"/>
     <course id="111" name="Inorganic Chemistry 2 (and Lab)"/>
     <course id="113" name="Principles of Inorganic Chemistry (and Lab)"/>
     <course id="117" name="Principles of Organic Chemistry (and Lab)"/>
     <course id="127" name="Introduction to Forensic Science (and Lab)"/>
     <course id="131" name="Introduction to Forensic Science"/>
     <course id="145" name="Biochemistry of Addiction (and Lab)"/>
     <course id="201" name="Organic Chemistry 1 (and Lab)"/>
     <course id="205" name="Organic Chemistry 2 (and Lab)"/>
  </major>
  <major name="CHINS">
     <course id="101" name="Elementary Chinese (Mandarin) 1"/>
     <course id="102" name="Elementary Chinese 2"/>
     <course id="103" name="Chinese Conversation 1"/>
     <course id="201" name="Intermediate Chinese 1"/>
  </major>
  <major name="CIVIL">
     <course id="101A" name="Architectural Drawings"/>
     <course id="103" name="Intro to Technology"/>
     <course id="115" name="Construction Methods and Materials and Lab"/>
     <course id="130" name="Co-op Education in Civil Technology 1"/>
     <course id="131" name="Co-op Education in Civil Technology 2"/>
     <course id="201" name="Elements of Strength of Materials"/>
     <course id="207" name="Structures"/>
     <course id="211" name="Material Testing Lab"/>
     <course id="214" name="Surveying 1"/>
     <course id="215" name="Surveying 2"/>
     <course id="216" name="Highway Design"/>
     <course id="221" name="Strength of Materials"/>
     <course id="222" name="Construction Estimating"/>
     <course id="229" name="Materials Properties"/>
     <course id="230" name="Environmental Problems and Controls and Lab"/>
     <course id="231" name="Construction Management and CPM"/>
     <course id="233" name="Contracts and Specifications"/>
     <course id="235" name="Architectural Design"/>
     <course id="250" name="Special Project Independent Study - A"/>
     <course id="251" name="Special Project Independent Study - B"/>
     <course id="252" name="Special Project Independent Study - C"/>
  </major>
  <major name="COMM">
     <course id="101" name="Understanding Mass Media"/>
     <course id="101H" name="Understanding Mass Media - Honors"/>
     <course id="103" name="Journalism and Democracy"/>
     <course id="104" name="News Reporting and Writing"/>
     <course id="106" name="Multimedia Journalism 1"/>
     <course id="109" name="Speech Communication"/>
     <course id="109H" name="Speech Communication – Honors"/>
     <course id="110" name="Speech Communication for Non-native Speakers"/>
     <course id="111" name="Voice and Diction"/>
     <course id="115" name="Group Discussion and Decision Making"/>
     <course id="115" name="Group Discussion and Decision Making"/>
     <course id="116" name="Radio Production"/>
     <course id="117" name="Radio and Television Announcing"/>
     <course id="118" name="Broadcast Journalism"/>
     <course id="119" name="Television Production 1"/>
     <course id="121" name="Television Production 2"/>
     <course id="205" name="Communications and Media Arts Internship 1"/>
     <course id="206" name="Communications and Media Arts Internship 2"/>
  </major>
  <major name="CIS">
     <course id="110" name="Computer Information Systems"/>
     <course id="120" name="Object-Oriented Programming Logic"/>
     <course id="125" name="Co-Op Education in CIS 1"/>
     <course id="126" name="Co-Op Education in CIS 2"/>
     <course id="130" name="Computer Hardware"/>
     <course id="135" name="PC Operating Systems"/>
     <course id="140" name="Networking for Business"/>
     <course id="145" name="Special Topics in Cybersecurity"/>
     <course id="150" name="Internet Technologies"/>
     <course id="155" name="Principles of Information Security (CIS)"/>
     <course id="215" name="Management Information Systems"/>
     <course id="215H" name="Management Information Systems — Honors"/>
     <course id="220" name="Visual Basic for Business"/>
     <course id="225" name="Database Management Systems"/>
     <course id="235" name="Server Administration"/>
     <course id="240" name="Network Security (CIS)"/>
     <course id="245" name="Computer Penetration Testing"/>
     <course id="260" name="Systems Analysis and Design"/>
     <course id="270" name="Computer Forensics"/>
  </major>
  <major name="COMSC">
     <course id="100" name="Introduction to Computing Concepts"/>
     <course id="101" name="Computer Programming 1"/>
     <course id="106" name="IT Essentials 1: PC Hardware and Software"/>
     <course id="110" name="Computer Programming 2"/>
     <course id="116" name="LINUX Operating System"/>
     <course id="118" name="Introduction to Networks (CCNA1)"/>
     <course id="120" name="Internship in Computer Science"/>
     <course id="121" name="IT Essentials 2: NOS"/>
     <course id="123" name="Home Technology Integration"/>
     <course id="124" name="Routing &amp; Switching Essentials (CCNA 2)"/>
     <course id="128" name="Scaling Networks (CCNA3)"/>
     <course id="130" name="Voice Over IP"/>
     <course id="132" name="Connecting Networks (CCNA4)"/>
     <course id="134" name="Network Administration"/>
     <course id="136" name="Advanced Routing Configuration"/>
     <course id="138" name="Remote Access"/>
     <course id="142" name="Network Security (CS)"/>
     <course id="145" name="Intro to Computer Forensics"/>
     <course id="201" name="Data Structures"/>
     <course id="207" name="Java Programming"/>
     <course id="208A" name="GUI Development"/>
     <course id="214" name="Web Programming"/>
     <course id="217" name="Computer Architecture"/>
  </major>
  <major name="CJ">
     <course id="101" name="Intro to the Criminal Justice System in the U.S."/>
     <course id="102" name="Basic Laws and Principals"/>
     <course id="103" name="Introduction to Security"/>
     <course id="104" name="Emergency Medical Care"/>
     <course id="106" name="Criminal Investigations"/>
     <course id="108" name="Administration of Justice"/>
     <course id="110" name="Police Arrest Techniques"/>
     <course id="111" name="Introduction to Criminology"/>
     <course id="112" name="Traffic Control Function"/>
     <course id="120" name="Global Terrorism"/>
     <course id="130" name="Comparative Criminal Justice"/>
     <course id="202" name="Juvenile Delinquency - Treatment and Control"/>
     <course id="206" name="Drugs and the Justice System"/>
     <course id="221" name="Criminal Justice Seminar"/>
     <course id="230" name="Criminal Justice Internship 1"/>
     <course id="235" name="Criminal Justice Internship 2"/>
  </major>
  <major name="COR">
     <course id="103B" name="Introduction to Corrections"/>
     <course id="111" name="Institutional Treatment of the Criminal and Delinquent"/>
     <course id="121" name="Probation and Parole"/>
     <course id="125" name="Critical Issues in Corrections"/>
  </major>
  <major name="POL">
     <course id="111" name="Introduction to Substantive Criminal Law"/>
     <course id="120" name="Police Organization and Management"/>
     <course id="201" name="Police-Community Relations"/>
     <course id="203" name="Principles of Investigation"/>
     <course id="205" name="Survey of Organized Crime"/>
     <course id="210" name="Supervision and Management of Police"/>
     <course id="211" name="Basic Criminal Law and Procedure"/>
     <course id="212" name="Police Supervision"/>
     <course id="213" name="Police Instructor Development"/>
  </major>
  <major name="DANCE">
     <course id="101" name="Elementary Modern Dance 1"/>
     <course id="102" name="Elementary Modern Dance 2"/>
     <course id="105" name="Movement Improvisation"/>
     <course id="107" name="Elementary Ballet"/>
     <course id="112" name="Latin Dance 1"/>
     <course id="115" name="Hip Hop 1"/>
     <course id="120" name="Broadway Jazz"/>
     <course id="121" name="Contemporary Jazz"/>
     <course id="122" name="Latin Dance 2"/>
     <course id="131" name="Jazz Dance Workshop"/>
     <course id="205" name="Choreography and Dance Performance Combined"/>
     <course id="207" name="Independent Study in Dance Performance"/>
  </major>
  <major name="EMS">
     <course id="100" name="EMS First Responder"/>
     <course id="101" name="Emergency Medical Services 1"/>
     <course id="110" name="Disaster Preparedness"/>
     <course id="121" name="Paramedic 1, Lab and Clinical Studies"/>
     <course id="122" name="Paramedic 2, Lab and Clinical Studies"/>
     <course id="130" name="Pre-Hospital Pharmacology"/>
     <course id="135" name="Introduction to EMS Research"/>
     <course id="210" name="Comparative EMS Systems"/>
     <course id="215" name="EMS Administration and Leadership"/>
     <course id="217" name="Legal Aspects of EMS"/>
     <course id="221" name="Paramedic 3"/>
     <course id="222" name="Paramedic 4"/>
     <course id="231" name="Paramedic 5"/>
  </major>
  <major name="ECE">
     <course id="170" name="Early Childhood Development"/>
     <course id="171" name="Foundations of Early Childhood"/>
     <course id="270" name="Observation and Assessment"/>
     <course id="271" name="Early Childhood Field 1"/>
     <course id="272" name="Infant/Toddler Environments"/>
     <course id="273" name="Early Childhood Field 2"/>
     <course id="274" name="Early Childhood Curriculum"/>
     <course id="275" name="Early Childhood Field 3"/>
     <course id="280" name="The Exceptional Child"/>
  </major>
  <major name="ECON">
     <course id="101" name="Macroeconomics"/>
     <course id="101H" name="Macroeconomics-Honors"/>
     <course id="102" name="Microeconomics"/>
     <course id="102H" name="Microeconomics-Honors"/>
     <course id="215" name="International Economics"/>
  </major>
  <major name="SS">
     <course id="105" name="Personal Finance"/>
  </major>
  <major name="ELEC">
     <course id="104N" name="Electrical Circuits - Verizon"/>
     <course id="120V" name="Network Fundamentals"/>
     <course id="121V" name="Network Infrastructure"/>
     <course id="122N" name="Digital Systems 1 - Verizon"/>
     <course id="123N" name="Digital Systems for Telecom 2"/>
     <course id="123V" name="Advanced Networking"/>
     <course id="124V" name="Electronics for Telecommunications"/>
     <course id="125N" name="Electronic Systems 2"/>
     <course id="128" name="Electrical Circuits"/>
     <course id="129" name="Digital Logic"/>
     <course id="134" name="Power Circuit Analysis"/>
     <course id="135" name="Voice/Telephone Telecommunications"/>
     <course id="136" name="Data Telecommunications"/>
     <course id="137" name="Alternating Current and Non-Sine Waves"/>
     <course id="138" name="Intro Telecommunications"/>
     <course id="139" name="Solar and Geothermal Technologies"/>
     <course id="140" name="Voice/Data Cabling Basics"/>
     <course id="160" name="Electronics"/>
     <course id="204" name="Electrical Machinery"/>
     <course id="205" name="Power Generation Systems"/>
     <course id="206" name="Powerplant Operation and Maintenance"/>
     <course id="207" name="Instrumentation and Control Systems"/>
     <course id="208" name="Computer Systems"/>
     <course id="211" name="Photovoltaic System Design"/>
     <course id="218" name="Introduction to Microprocessors"/>
     <course id="221V" name="Broadband Services"/>
     <course id="222V" name="Telecommunications Seminar"/>
     <course id="223" name="Digital Logic and Switching Circuits"/>
     <course id="224" name="Network Telecommunications"/>
     <course id="227" name="Electrical System Analysis"/>
     <course id="228" name="Energy Conversion &amp; Power"/>
     <course id="229" name="Distribution Systems Components"/>
     <course id="230" name="Transmission Line Theory and Practice"/>
     <course id="239" name="Analog Circuits"/>
     <course id="240" name="Advanced Electronics"/>
     <course id="244" name="Advanced Passive and Active Laboratories"/>
     <course id="245" name="Nuclear Fundamentals"/>
     <course id="246" name="Reactor Materials"/>
     <course id="247" name="Radiation Detection"/>
     <course id="248" name="Reactor Theory"/>
     <course id="255" name="Circuits for Engineers"/>
     <course id="258" name="Computer-Based Instrumentation"/>
     <course id="261" name="Computer Diagnostics"/>
     <course id="262" name="Telecommunications Lab"/>
     <course id="264" name="Emerging Technologies"/>
     <course id="265" name="Network Transformation Analysis"/>
     <course id="266" name="Computer Applications for Electronics"/>
     <course id="267" name="Advanced Circuits for Engineers"/>
     <course id="271" name="Special Project/Independent Study - A"/>
     <course id="272" name="Special Project/Independent Study - B"/>
     <course id="273" name="Special Project/Independent Study - C"/>
     <course id="282" name="Electronic Communication"/>
     <course id="285" name="Emerging Digital Technology"/>
  </major>
  <major name="ENG">
     <course id="91" name="Writing for College 1"/>
     <course id="92" name="Writing for College 2"/>
     <course id="101" name="Writing and Research"/>
     <course id="101H" name="Writing and Research - Honors"/>
     <course id="102" name="Writing and Literature"/>
     <course id="102H" name="Writing and Literature - Honors"/>
     <course id="113" name="Reading and Writing Poetry"/>
     <course id="115" name="Creative Writing"/>
     <course id="116" name="Life Writing"/>
     <course id="200" name="American Literature Through the 19th Century"/>
     <course id="201" name="Modern American Authors"/>
     <course id="202" name="Children's Literature"/>
     <course id="203" name="African American Literature"/>
     <course id="204" name="Literature of New York"/>
     <course id="206H" name="Cambridge Literature Studies - Honors"/>
     <course id="208" name="Literature of the Americas"/>
     <course id="209" name="Short Story"/>
     <course id="210H" name="The American Dream - Honors"/>
     <course id="211" name="Modern Drama"/>
     <course id="215" name="Introduction to Shakespeare"/>
     <course id="217H" name="Holocaust Studies - Honors"/>
     <course id="218" name="Literature and the Environment"/>
     <course id="224H" name="Great Books - Honors"/>
     <course id="226" name="Leadership and the Humanities"/>
     <course id="227" name="Contemporary Global Literature"/>
     <course id="240" name="Modern American Poetry"/>
     <course id="241" name="Latin-American Short Stories"/>
     <course id="242" name="Caribbean Literature"/>
     <course id="243" name="Coming to America - Immigrant Lit"/>
  </major>
  <major name="ESL">
     <course id="94" name="Introduction to Academic Writing 1"/>
     <course id="122" name="Introduction to Academic Writing 2"/>
  </major>
  <major name="FASH">
     <course id="105" name="Introduction to the Fashion Industry"/>
     <course id="108" name="History of 20th Century Fashion"/>
     <course id="115" name="Fashion Design Technology"/>
     <course id="120" name="Garment Construction"/>
     <course id="150" name="Flat Pattern Making and Design"/>
     <course id="205" name="Textiles in the Global Marketplace"/>
     <course id="206" name="Visual Merchandising and Display"/>
     <course id="207" name="Retail and Fashion Internship"/>
     <course id="215" name="International Fashion Buying"/>
     <course id="220" name="Apparel and Design 1"/>
     <course id="221" name="Apparel and Design 2"/>
     <course id="230" name="Fashion Illustration Techniques"/>
     <course id="231" name="Fashion Product Development"/>
  </major>
  <major name="FILM">
     <course id="100" name="Introduction to Film"/>
     <course id="101" name="Film 1895 to 1945"/>
     <course id="102" name="Film 1945 to Present"/>
     <course id="103" name="The Great Directors"/>
     <course id="109" name="Film — American Cinema"/>
     <course id="113" name="Film Study — World Cinema"/>
     <course id="114H" name="World Cinema — Honors"/>
     <course id="115H" name="American Cinema —Honors"/>
     <course id="120" name="Filmmaker's Workshop 1"/>
     <course id="125" name="Writing for Film"/>
     <course id="125H" name="Writing for Film - Honors"/>
     <course id="130" name="Digital Storytelling"/>
     <course id="140" name="Video Production"/>
     <course id="142" name="Video Editing"/>
     <course id="143" name="Advanced Video Editing"/>
     <course id="145" name="Documentary Video"/>
     <course id="150" name="Film Internship"/>
     <course id="220" name="Fiction Into Film"/>
     <course id="220H" name="Literature Into Film"/>
  </major>
  <major name="FIN">
     <course id="203" name="Managerial Finance"/>
  </major>
  <major name="FOODS">
     <course id="101" name="Exploring Culinary Arts"/>
     <course id="108" name="Food Service Operations Management"/>
     <course id="110" name="Practicum: Kitchen &amp; Dining Room"/>
     <course id="111" name="Principles of Food Preparation"/>
     <course id="112" name="Principles of Food Preparation Lab"/>
     <course id="113" name="Quantity Food Production"/>
     <course id="114" name="Quantity Food Production Lab"/>
     <course id="115" name="Introduction to the Hospitality Industry"/>
     <course id="116" name="Menu Planning"/>
     <course id="215" name="Advanced Foods - Garde Manger"/>
     <course id="216" name="Advanced Foods - Garde Manger Lab"/>
     <course id="220" name="Advanced Foods - Multicultural Foods"/>
     <course id="221" name="Advanced Foods - Multicultural Foods Lab"/>
     <course id="230" name="Food &amp; Beverage Purchasing and Cost Control"/>
     <course id="231" name="Practicum Buffet Catering"/>
     <course id="232" name="Advanced Foods - Advanced Baking"/>
     <course id="233" name="Advanced Foods - Advanced Baking Lab"/>
     <course id="234" name="Hospitality Seminar"/>
     <course id="250" name="Advanced Foods - Beverage Management and Services (and Lab)"/>
  </major>
  <major name="NUTR">
     <course id="101" name="Nutrition"/>
     <course id="105" name="Nutrition Care 1"/>
     <course id="107" name="Dietetic Seminar"/>
     <course id="109" name="Nutrition (Nursing)"/>
     <course id="115" name="Nutrition Care 2"/>
     <course id="118" name="Principles of Teaching Health Care"/>
     <course id="120" name="Foods (and Lab)"/>
     <course id="123" name="Food Service Systems Management"/>
     <course id="145" name="Clinical Practicum 1"/>
     <course id="205" name="Clinical Nutrition"/>
     <course id="211" name="Introduction to Nutrition Care"/>
     <course id="245" name="Clinical Practicum 2"/>
     <course id="247" name="Clinical Practicum 3"/>
  </major>
  <major name="FREN">
     <course id="101" name="Elementary French 1"/>
     <course id="102" name="Elementary French 2"/>
     <course id="103" name="Beginning French Conversation 1"/>
     <course id="201" name="Intermediate French 1"/>
     <course id="203" name="Intermediate French Conversation 1"/>
  </major>
  <major name="GEOG">
     <course id="101" name="World Geography"/>
  </major>
  <major name="GER">
     <course id="101" name="Elementary German 1"/>
     <course id="102" name="Elementary German 2"/>
  </major>
  <major name="GLBUS">
     <course id="201" name="Global Business"/>
     <course id="203" name="Global Marketing"/>
  </major>
  <major name="HHP">
     <course id="101" name="Personal Training"/>
     <course id="102" name="Personal Training Internship"/>
     <course id="120" name="Trends in Fitness &amp; Human Performance"/>
     <course id="200" name="Exercise Physiology &amp; Lab"/>
  </major>
  <major name="HIS">
     <course id="101" name="Western Civilization to 1648"/>
     <course id="102" name="Western Civilization 2 1648-1914"/>
     <course id="104" name="Global History to 1648"/>
     <course id="106" name="Global History from 1648"/>
     <course id="107H" name="Topics Global History-Honors"/>
     <course id="110" name="U.S. History Colonial-1800"/>
     <course id="111" name="19th Century U.S. History"/>
     <course id="112" name="20th Century United States History"/>
     <course id="112H" name="20th Century United States History-Honors"/>
     <course id="114" name="US Constitutional History"/>
     <course id="115" name="Modern Europe"/>
     <course id="119" name="Modern Latin America"/>
     <course id="121" name="African-American History"/>
     <course id="128" name="African History to 1600"/>
     <course id="129" name="Caribbean History"/>
     <course id="131" name="Modern Africa"/>
     <course id="133" name="African American History to 1865"/>
     <course id="134" name="African American History from 1865 to Present"/>
     <course id="218H" name="Cambridge History-Honors"/>
     <course id="220" name="Great Trials in History"/>
  </major>
  <major name="HSERV">
     <course id="101" name="Introduction to Human Services"/>
     <course id="102" name="Human Behavior and Social Development/Lifespan"/>
     <course id="200" name="Ethnic and Cultural Diversity"/>
     <course id="224" name="Introduction to Research and Statistical Methods"/>
     <course id="260" name="Group Dynamics and Leadership"/>
     <course id="261" name="Human Services Field Experience 1"/>
     <course id="262" name="Methods in the Helping Process"/>
     <course id="263" name="Human Services Field Experience 2"/>
     <course id="264" name="Case Management"/>
     <course id="265" name="Human Services Field Experience 3"/>
     <course id="310" name="Group Dynamics - Teachers Center"/>
     <course id="311" name="Human Services 1 Field Experience - Teacher's Center"/>
     <course id="312" name="Methods in the Helping Process - Teacher's Center"/>
     <course id="313" name="Human Services 2 Field Experience - Teacher's Center"/>
     <course id="314" name="Ethnic and Cultural Diversity - Teacher's Center"/>
     <course id="315" name="Human Services 3 Field Experience - Teacher's Center"/>
  </major>
  <major name="INTER">
     <course id="101" name="Introduction To Schools and Teaching"/>
     <course id="106H" name="Topics in History of Ideas-Honors"/>
     <course id="108" name="Literature &amp; Psychology"/>
     <course id="115" name="Introduction to Standards"/>
     <course id="129" name="Science Workshop"/>
     <course id="200A" name="Initial Teaching Experience Program (ENG)"/>
     <course id="200B" name="Initial Teaching Experience Program (SPA)"/>
     <course id="200C" name="Initial Teaching Experience Program (MUS)"/>
     <course id="200D" name="Initial Teaching Experience Program (ART)"/>
     <course id="200E" name="Initial Teaching Experience Program (FILM)"/>
     <course id="200F" name="Initial Teaching Experience Program (OFTEC)"/>
     <course id="200G" name="Initial Teaching Experience Program (ART HIST)"/>
     <course id="200J" name="Initial Teaching Experience Program (ART/DRAWING)"/>
  </major>
  <major name="INT">
     <course id="140E" name="Aspects of Renaissance Art: Art of the Italian Renaissance"/>
  </major>
  <major name="ITAL">
     <course id="101" name="Elementary Italian 1"/>
     <course id="102" name="Elementary Italian 2"/>
     <course id="103" name="Italian Conversation 1"/>
     <course id="104" name="Italy: Its Culture and Its People (in English)"/>
     <course id="105" name="Italian American Culture (in English)"/>
     <course id="106" name="Italian Conversation 2"/>
     <course id="110" name="Italian Conversation 2 - Independent Study"/>
     <course id="201" name="Intermediate Italian 1"/>
     <course id="201H" name="Intermediate Italian 1 - Honors"/>
     <course id="202" name="Intermediate Italian 2"/>
     <course id="202H" name="Intermediate Italian 2 - Honors"/>
     <course id="205" name="Intermediate Italian Conversation 1"/>
     <course id="206" name="Intermediate Italian Conversation 2"/>
     <course id="207" name="Learning Italian Through Cinema"/>
     <course id="250" name="Advanced Italian 1"/>
     <course id="251" name="Advanced Italian 2"/>
     <course id="251S" name="Advanced Italian - Honors"/>
  </major>
  <major name="JAPNS">
     <course id="101" name="Elementary Japanese 1"/>
     <course id="102" name="Elementary Japanese 2"/>
  </major>
  <major name="LAW">
     <course id="101" name="Business Law 1"/>
     <course id="102" name="Business Law 2"/>
  </major>
  <major name="LIN">
     <course id="201" name="Introduction to Linguistics"/>
  </major>
  <major name="MGT">
     <course id="101" name="Business Organization and Management"/>
     <course id="103" name="Entrepreneurship"/>
     <course id="130" name="Co-op Education in Business Administration 1"/>
     <course id="131" name="Co-op Education in Business Administration 2"/>
     <course id="201" name="Principles of Management"/>
     <course id="205" name="Human Resource Management"/>
  </major>
  <major name="MKT">
     <course id="101" name="Marketing"/>
     <course id="103" name="Professional Selling"/>
     <course id="130" name="Co-op Education in Marketing 1"/>
     <course id="131" name="Co-op Education in Marketing 2"/>
     <course id="202" name="Internet Marketing"/>
     <course id="203" name="Advertising"/>
     <course id="203H" name="Advertising - Honors"/>
     <course id="205" name="Market Research"/>
     <course id="207" name="Consumer Behavior"/>
     <course id="216" name="Marketing Management"/>
     <course id="239" name="Market Internship"/>
  </major>
  <major name="MATH">
     <course id="92" name="Prealgebra"/>
     <course id="93" name="Beginning Algebra"/>
     <course id="94" name="Foundations of Mathematical Reasoning"/>
     <course id="116" name="The Development of Mathematical Thought"/>
     <course id="117" name="College Quantitative Reasoning"/>
     <course id="118" name="Analytic Trigonometry with Applications"/>
     <course id="120" name="The Nature of Mathematics"/>
     <course id="120H" name="The Nature of Mathematics - Honors"/>
     <course id="123" name="Math for Elementary School Teachers"/>
     <course id="130" name="College Algebra: Functions &amp; Models"/>
     <course id="135" name="College Algebra with Trigonometry"/>
     <course id="138" name="Elements of Geometry"/>
     <course id="140" name="Statistics"/>
     <course id="141" name="Business Statistics"/>
     <course id="142" name="Statistics 2"/>
     <course id="160" name="Precalculus for Business"/>
     <course id="161" name="Precalculus (Functions &amp; Coordinate Geometry)"/>
     <course id="170H" name="History of Math - Honors"/>
     <course id="178" name="Discrete Mathematics"/>
     <course id="180" name="Calculus for Business"/>
     <course id="181" name="Calculus 1"/>
     <course id="191" name="Calculus 2"/>
     <course id="204H" name="Mathematical Modeling-Honors"/>
     <course id="207" name="Introduction to Numerical Analysis"/>
     <course id="210" name="Mathematical Modeling"/>
     <course id="215" name="Linear Algebra"/>
     <course id="220" name="Introduction to Probability Theory"/>
     <course id="230" name="Calculus 3"/>
     <course id="240" name="Differential Equations"/>
     <course id="250" name="Introduction to Mathematical Proof"/>
     <course id="292" name="Mathematical Excursions"/>
  </major>
  <major name="MECH">
     <course id="103" name="Basic Drafting"/>
     <course id="109" name="Intro to Engineering"/>
     <course id="115" name="Intro to Nanotechnology"/>
     <course id="119" name="Manufacturing Processes"/>
     <course id="120" name="Mechanisms"/>
     <course id="126" name="Statics"/>
     <course id="127" name="Introduction to Thermodynamics"/>
     <course id="130" name="Co-op Education in Mechanical Technology 1"/>
     <course id="133" name="Co-op Education in Mechanical Technology 2"/>
     <course id="134" name="Product Development"/>
     <course id="144" name="Manufacturing 1"/>
     <course id="145" name="Manufacturing 2"/>
     <course id="156" name="Fluids"/>
     <course id="162" name="CAD 1"/>
     <course id="163" name="CAD 2"/>
     <course id="164" name="CAD Revit 1"/>
     <course id="204" name="Thermodynamics for Engineers"/>
     <course id="205" name="Mechanics 2"/>
     <course id="222" name="Computer/NC Programming"/>
     <course id="224" name="CNC Programming"/>
     <course id="227" name="Dynamics"/>
     <course id="255" name="Solidworks"/>
     <course id="265" name="CAD 3 3D Modeling"/>
     <course id="267" name="CAD 4 Auto Architect"/>
     <course id="268" name="Auto Desk Inventor"/>
     <course id="270" name="CAD/CAM"/>
     <course id="272" name="CAD 5 Advanced Auto Architect"/>
     <course id="273" name="CAD 6 3D Studio Max"/>
     <course id="277" name="CAD Civil 3D"/>
     <course id="289" name="Manufacturing Process"/>
  </major>
  <major name="MUSIC">
     <course id="100" name="History of Western Music: Up to 1800"/>
     <course id="101" name="History of Western Music: 1800 to Present"/>
     <course id="102" name="History of Electronic Music"/>
     <course id="103" name="History of Jazz"/>
     <course id="110" name="Basic Musicianship"/>
     <course id="110H" name="Basic Musicianship - Honors"/>
     <course id="111" name="Music Theory 1"/>
     <course id="112" name="Ear Training 1"/>
     <course id="113" name="Ear Training 2"/>
     <course id="120" name="Piano Class 1"/>
     <course id="121" name="Piano Class 2"/>
     <course id="122" name="Guitar Class 1"/>
     <course id="123" name="Guitar Class 2"/>
     <course id="130" name="Chorus 1"/>
     <course id="131" name="Chorus 2"/>
     <course id="132" name="Instrumental and Vocal Ensemble 1"/>
     <course id="133" name="Instrumental and Vocal Ensemble 2"/>
     <course id="133D" name="Independent Music Study"/>
     <course id="141A" name="Applied Music — Strings 1"/>
     <course id="141B" name="Applied Music — Strings 2"/>
     <course id="141C" name="Applied Music — Strings 3"/>
     <course id="141D" name="Applied Music — Strings 4"/>
     <course id="142A" name="Applied Music — Voice 1"/>
     <course id="142B" name="Applied Music — Voice 2"/>
     <course id="142C" name="Applied Music — Voice 3"/>
     <course id="142D" name="Applied Music — Voice 4"/>
     <course id="143A" name="Applied Music — Winds 1"/>
     <course id="143B" name="Applied Music — Winds 2"/>
     <course id="143C" name="Applied Music — Winds 3"/>
     <course id="143D" name="Applied Music — Winds 4"/>
     <course id="144A" name="Applied Music — Piano 1"/>
     <course id="144B" name="Applied Music — Piano 2"/>
     <course id="144C" name="Applied Music — Piano 3"/>
     <course id="144D" name="Applied Music — Piano 4"/>
     <course id="145A" name="Applied Music — Percussion 1"/>
     <course id="145B" name="Applied Music — Percussion 2"/>
     <course id="145C" name="Applied Music — Percussion 3"/>
     <course id="145D" name="Applied Music — Percussion 4"/>
     <course id="146A" name="Applied Music — Guitar 1"/>
     <course id="146B" name="Applied Music — Guitar 2"/>
     <course id="146C" name="Applied Music — Guitar 3"/>
     <course id="146D" name="Applied Music — Guitar 4"/>
     <course id="147A" name="Applied Music — Brass 1"/>
     <course id="147B" name="Applied Music — Brass 2"/>
     <course id="147C" name="Applied Music — Brass 3"/>
     <course id="147D" name="Applied Music — Brass 4"/>
     <course id="148A" name="Applied Music — Composition 1"/>
     <course id="148B" name="Applied Music — Composition 2"/>
     <course id="148C" name="Applied Music — Composition 3"/>
     <course id="148D" name="Applied Music — Composition 4"/>
     <course id="150" name="Music Appreciation 1"/>
     <course id="160" name="Introduction to Audio 1"/>
     <course id="161" name="Introduction to MIDI Technology 1"/>
     <course id="162" name="Introduction to MIDI Technology 2"/>
     <course id="163" name="Electronic Music Composition"/>
     <course id="164" name="Songwriting on the Computer"/>
     <course id="165" name="Recording Engineering 1"/>
     <course id="220" name="Piano Class 3"/>
     <course id="221" name="Piano Class 4"/>
     <course id="222" name="Guitar Class 3"/>
     <course id="223" name="Guitar Class 4"/>
     <course id="230" name="Chorus 3"/>
     <course id="231" name="Chorus 4"/>
     <course id="232" name="Instrumental and Vocal Ensemble 3"/>
     <course id="233" name="Instrumental and Vocal Ensemble 4"/>
     <course id="265" name="Recording Engineering 2"/>
  </major>
  <major name="ADN">
     <course id="120" name="ADN-Nursing 1, Fundamentals of Nursing (and Lab, and Clinical Study)"/>
     <course id="131" name="ADN-Nursing 2, Mental Health Nursing/Maternity Nursing (and Lab, and Clinical Study)"/>
     <course id="221" name="ADN-Nursing 3 (and Lab, and Clinical Study)"/>
     <course id="231" name="ADN-Nursing 4 (and Clinical Study)"/>
  </major>
  <major name="NHSCI">
     <course id="101" name="Medical Terminology"/>
  </major>
  <major name="NURSE">
     <course id="102" name="Dosage Calculations"/>
  </major>
  <major name="MBC">
     <course id="120" name="Medical Office Administration"/>
     <course id="160" name="Medical Billing and Information Management"/>
     <course id="205" name="Medical Coding/ICD9"/>
     <course id="210" name="Medical Coding/ICD 10"/>
     <course id="220" name="Medical Coding/CPT4"/>
     <course id="225" name="Medical Coding and Billing Internship"/>
  </major>
  <major name="OFTEC">
     <course id="110" name="Information Processing with Keyboarding"/>
     <course id="112" name="Keyboard Speed Building"/>
     <course id="120" name="Document Processing: Editing and Formatting"/>
     <course id="125A" name="Keyboarding Essentials"/>
     <course id="130" name="Co-op Education in Office Technologies 1"/>
     <course id="131" name="Co-op Education in Office Technologies 2"/>
     <course id="150" name="Office Administration"/>
     <course id="155" name="Special Topics in Office Technologies"/>
     <course id="210" name="Spreadsheet and Database Applications"/>
     <course id="220" name="Document Design and Desktop Publishing"/>
     <course id="230" name="Integrated Office Applications"/>
     <course id="240" name="Business Communications"/>
  </major>
  <major name="PRLGL">
     <course id="101" name="Introduction to Paralegal Studies"/>
     <course id="102" name="Legal Research &amp; Writing"/>
     <course id="104" name="Family Law"/>
     <course id="105" name="Administrative Law"/>
     <course id="106" name="Litigation"/>
     <course id="108" name="Partnership and Corporation"/>
     <course id="110" name="Estates, Wills, Trusts"/>
     <course id="112" name="Torts &amp; Investigation"/>
     <course id="114" name="Real Property Law"/>
     <course id="115" name="Criminal Law for Paralegals"/>
     <course id="116" name="Computer Applications for the Law Office"/>
     <course id="117" name="Immigration Law"/>
     <course id="118" name="Paralegal Internship"/>
     <course id="119" name="Medical Malpractice for Paralegals"/>
     <course id="120" name="Health Care Law"/>
     <course id="121" name="Elder Law"/>
     <course id="122" name="Intellectual Property"/>
     <course id="124" name="Contracts &amp; Contract Administration"/>
     <course id="125" name="Evidence Law for Paralegals"/>
     <course id="126" name="Bankruptcy for Paralegals"/>
     <course id="127" name="E-Discovery for Paralegals"/>
  </major>
  <major name="PHIL">
     <course id="101" name="Philosophy Ancient/Medieval"/>
     <course id="102" name="Philosophy/Modern"/>
     <course id="111" name="Philosophy of Love"/>
     <course id="150" name="Applied Logic"/>
     <course id="160" name="Ethics"/>
     <course id="161H" name="Seminar in Ethics-Honors"/>
     <course id="201H" name="Philosophy of Art-Honors"/>
  </major>
  <major name="PEC">
     <course id="110" name="Health and Fitness for Life"/>
     <course id="136" name="Fitness - Soccer"/>
     <course id="137" name="Fitness-Softball"/>
     <course id="138" name="Fitness-Tennis"/>
     <course id="139" name="Fitness - Volleyball"/>
     <course id="140" name="Fitness - Golf"/>
     <course id="142" name="Fitness-Badminton"/>
     <course id="143" name="Fitness-Basketball"/>
     <course id="158" name="Introduction to PE Activities"/>
     <course id="111" name="Independent Study - Health &amp; Sports for Life"/>
  </major>
  <major name="PEH">
     <course id="109" name="Lifeguarding/First Aid/CPR/AED"/>
     <course id="110" name="Swimming for Fitness"/>
     <course id="111" name="Learn to Swim"/>
     <course id="116" name="First Aid/CPR/AED"/>
     <course id="121" name="Beginning Judo"/>
     <course id="122" name="Elementary Modern Dance 1"/>
     <course id="123" name="Latin Dance 1"/>
     <course id="124" name="Elementary Modern Dance 2"/>
     <course id="125" name="Broadway Jazz"/>
     <course id="126" name="Hip Hop 1"/>
     <course id="128" name="Elementary Ballet"/>
     <course id="130" name="Health Essentials"/>
     <course id="132" name="Contemporary Jazz"/>
     <course id="133" name="Latin Dance 2"/>
     <course id="134" name="Choreography &amp; Dance Performance Combined"/>
     <course id="135" name="Jazz Dance Workshop"/>
     <course id="146" name="Jazz Aerobics"/>
     <course id="150" name="Independent Study in Dance Performance"/>
     <course id="176" name="Movement Improvisation"/>
     <course id="216" name="Aerobic Exercise"/>
     <course id="218" name="Exercise and Conditioning"/>
  </major>
  <major name="PES">
     <course id="101" name="Intro to Bowling-League Play"/>
     <course id="104" name="Badminton-Tennis"/>
     <course id="169" name="Volleyball-Tennis"/>
  </major>
  <major name="PHYSC">
     <course id="101" name="Technical Physics 1 - Mechanics (and Lab)"/>
     <course id="102" name="Technical Physics 2 - Heat, Light, Sound (and Lab)"/>
     <course id="111" name="College Physics 1 (and Lab)"/>
     <course id="112" name="College Physics 2 (and Lab)"/>
     <course id="120" name="Physical Science Explorations"/>
     <course id="121" name="Engineering Physics 1 (and Lab)"/>
     <course id="122" name="Engineering Physics 2 (and Lab)"/>
     <course id="129" name="Introduction to Oceanography (and Lab)"/>
     <course id="131" name="Physics for Telecommunications/Verizon"/>
     <course id="134H" name="Science, Pseudoscience and Critical Thinking - Honors"/>
     <course id="143" name="Earth Science (and Lab)"/>
     <course id="143H" name="Earth Science (and Lab) - Honors"/>
     <course id="145" name="Weather and Forecasting (and Lab)"/>
     <course id="151" name="Astronomy (and Lab)"/>
     <course id="154H" name="Life in the Universe - Honors"/>
     <course id="159" name="The Solar System"/>
     <course id="162" name="Climate Change and Our Future"/>
     <course id="165" name="Principles of Energy"/>
     <course id="205H" name="Cambridge Science - Honors"/>
     <course id="271" name="Special Project/Independent Study - A"/>
     <course id="272" name="Special Project/Independent Study - B"/>
     <course id="273" name="Special Project/Independent Study - C"/>
     <course id="292" name="Physical Geography (and Lab)"/>
  </major>
  <major name="POLSC">
     <course id="102" name="American Government and Issues"/>
     <course id="102H" name="American Government and Issues-Honors"/>
     <course id="104" name="American Politics and Policies - New Online Course Available"/>
     <course id="107" name="State and Local Government"/>
     <course id="111" name="Introduction to World Politics"/>
     <course id="111H" name="Introduction to World Politics - Honors"/>
     <course id="112H" name="International Law and Organizations-Honors"/>
     <course id="113" name="Middle Eastern Politics"/>
     <course id="115" name="Comparative Politics"/>
  </major>
  <major name="PSYCH">
     <course id="101" name="General Psychology"/>
     <course id="101H" name="General Psychology - Honors"/>
     <course id="103" name="Abnormal Psychology"/>
     <course id="103H" name="Abnormal Psychology - Honors"/>
     <course id="107" name="Social Psychology"/>
     <course id="109" name="Developmental Psychology: Childhood"/>
     <course id="110" name="Developmental Psychology: Adolescence"/>
     <course id="111" name="Human Sexuality"/>
     <course id="112H" name="Theories of Personality - Honors"/>
     <course id="113" name="Stress &amp; Self-Management"/>
     <course id="114" name="Developmental Psychology: Adult &amp; Aging"/>
     <course id="116" name="Developmental Psychology: Lifespan"/>
     <course id="201" name="Behavioral Statistics"/>
     <course id="204" name="Abnormal Psychology: Childhood and Adolescence"/>
     <course id="204H" name="Abnormal Psychology: Childhood and Adolescence"/>
  </major>
  <major name="SS">
     <course id="103" name="Applying Psychology"/>
  </major>
  <major name="RAD">
     <course id="101" name="Radiographic Technique 1 (and Lab)"/>
     <course id="103" name="Radiographic Positioning 1 (and Lab)"/>
     <course id="105" name="Radiographic Technique 2 (and Lab)"/>
     <course id="107" name="Radiographic Positioning 2 (and Lab)"/>
     <course id="112" name="Radiologic Terms, Ethics &amp; Law"/>
     <course id="114" name="Radiologic Science Patient Care"/>
     <course id="116" name="Intro to Radiation Protection"/>
     <course id="141" name="Clinical Education 1"/>
     <course id="142" name="Clinical Education 2"/>
     <course id="143" name="Clinical Education 3"/>
     <course id="200" name="Radiographic Technique 3"/>
     <course id="202" name="Advanced Imaging"/>
     <course id="203" name="Radiographic Positioning 3"/>
     <course id="207" name="Special Radiographic Imaging"/>
     <course id="221" name="Radiographic Pathology"/>
     <course id="223" name="Sectional Anatomy"/>
     <course id="224" name="Radiation Protection and Biology"/>
     <course id="241" name="Clinical Education 4"/>
     <course id="242" name="Clinical Education 5"/>
     <course id="243" name="Clinical Education 6"/>
  </major>
  <major name="COLSC">
     <course id="101" name="College Success"/>
  </major>
  <major name="READ">
     <course id="93" name="Foundations of College Reading"/>
     <course id="105" name="Analytical Reading"/>
  </major>
  <major name="RESP">
     <course id="101A" name="Respiratory Care 1"/>
     <course id="102" name="Respiratory Care 1 Lab"/>
     <course id="103A" name="Respiratory Care 2"/>
     <course id="104" name="Respiratory Care 2 Lab"/>
     <course id="141" name="Clinical Experience 1"/>
     <course id="143" name="Clinical Experience 2"/>
     <course id="145" name="Summer Clinical Experience 1"/>
     <course id="201A" name="Respiratory Care 3"/>
     <course id="202A" name="Respiratory Care 3 Lab"/>
     <course id="203A" name="Respiratory Care 4"/>
     <course id="204A" name="Respiratory Care 4 Lab"/>
     <course id="206" name="Case Presentations"/>
     <course id="241" name="Clinical Experience 3"/>
     <course id="243" name="Clinical Experience 4"/>
     <course id="245" name="Summer Clinical Experience 2"/>
  </major>
  <major name="RUSSN">
     <course id="101" name="Elementary Russian 1"/>
  </major>
  <major name="ASL">
     <course id="101" name="American Sign Language 1"/>
     <course id="102" name="American Sign Language 2"/>
  </major>
  <major name="SS">
     <course id="101" name="Introduction to Behavioral Science"/>
     <course id="102" name="Introduction to Social Science"/>
     <course id="110" name="Liberal Arts/Social Science Internship - A"/>
     <course id="112" name="Liberal Arts/Social Science Internship - B"/>
     <course id="114" name="Liberal Arts/Social Science Internship - C"/>
  </major>
  <major name="SOC">
     <course id="101" name="Introduction to Sociology"/>
     <course id="101H" name="Introduction to Sociology - Honors"/>
     <course id="102" name="Marriage and the Family"/>
     <course id="103" name="Social Problems"/>
     <course id="104" name="Urban Sociology"/>
     <course id="106" name="Pluralism in America"/>
  </major>
  <major name="SPAN">
     <course id="101" name="Elementary Spanish 1"/>
     <course id="102" name="Elementary Spanish 2"/>
     <course id="103" name="Spanish Conversation 1"/>
     <course id="104" name="Spanish Conversation 2"/>
     <course id="106" name="Spanish Grammar and Composition 1 (For native Spanish speakers)"/>
     <course id="107" name="Spanish Grammar and Composition 2 (For native Spanish speakers)"/>
     <course id="201" name="Intermediate Spanish 1"/>
     <course id="201H" name="Intermediate Spanish 1 - Honors"/>
     <course id="202" name="Intermediate Spanish 2"/>
     <course id="202H" name="Intermediate Spanish 2 - Honors"/>
     <course id="203" name="Advanced Spanish 1"/>
     <course id="204" name="Advanced Spanish 2"/>
  </major>
  <major name="SPS">
     <course id="105" name="Career Development"/>
  </major>
  <major name="THEAT">
     <course id="101" name="Introduction to the Theatre"/>
     <course id="103" name="Western Drama"/>
     <course id="105" name="Technical Theatre Fundamentals"/>
     <course id="108" name="Stagecraft Workshop 1"/>
     <course id="110" name="Stagecraft Workshop 2"/>
     <course id="111" name="Acting 1"/>
     <course id="113" name="Acting 2"/>
     <course id="117A" name="Drama Improvisation"/>
     <course id="121" name="Theatre Practicum 1"/>
     <course id="122" name="Theatre Practicum 2"/>
     <course id="201" name="Acting 3"/>
     <course id="202" name="Theatre Practicum 3"/>
  </major>
  <major name="VET">
     <course id="101" name="Introduction to Veterinary Technology"/>
     <course id="102" name="Animal Biology"/>
     <course id="103" name="Microbiology for Veterinary Technologists"/>
     <course id="104" name="Veterinary Disease and Pathology"/>
     <course id="105" name="Veterinary Pharmacology"/>
     <course id="110" name="Small Animal Nursing"/>
     <course id="200" name="Veterinary Office Practice"/>
     <course id="201" name="Anesthesia and Surgical Procedures for Veterinary Technologists"/>
     <course id="202" name="Clinical Lab Techniques for Veterinary Technologists"/>
     <course id="203" name="Farm Animal Nursing"/>
     <course id="204" name="Dental Techniques for Veterinary Technologists"/>
     <course id="205" name="Veterinary Radiography"/>
     <course id="206" name="Veterinary Technology Externship 1"/>
     <course id="207" name="Veterinary Technology Externship 2"/>
     <course id="208" name="Veterinary Technology Externship 3"/>
  </major>
</majors>